Date,Ad Breaks (Minutes),Ad Time (Seconds) Per Hour,Average Viewers,Chat Messages,Chatters,Clip Views,Clips Created,Follows,Hosts and Raids Viewers (%),Live Views,Max Viewers,Minutes Watched,Minutes Streamed,Unique Viewers,Sub Revenue,Prime Revenue,Gifted Subs Revenue,Bits Revenue,Ad Revenue,Game Sales Revenue,Extensions Revenue,Bounties Revenue,Prime Subs,Total Paid Subs,Tier 1 subs,Tier 2 subs,Tier 3 subs,Total Gifted Subs,Gifted Tier 1 subs,Gifted Tier 2 subs
Wed Jul 15 2020,0,0,31.14,706,67,1,4,3,11.93,789,42,13732,438,561,4.58,0,0,100.01,0.23800000000000002,0,0,0,0,0,0,0,0,0,0,0
Thu Jul 16 2020,0,0,29.91,754,75,0,2,6,12.45,976,67,15194,507,724,2.32,0,0,1,0.294,0,0,0,0,1,1,0,0,0,0,0
Fri Jul 17 2020,0,0,30.78,905,91,0,0,10,2.52,1118,79,17085,555,795,0,0,2.33,3.5,0.3395,0,0,0,0,0,0,0,0,1,1,0
Sat Jul 18 2020,0,0,38.8,1494,105,0,2,1219,0.9,1693,253,26497,679,1184,6.845000000000001,2.495,0,17,0.532,0,0,0,1,3,3,0,0,0,0,0
Sun Jul 19 2020,0,0,31.6,1005,75,6,1,10,0.14,1167,63,15831,501,848,9.215,7.485,12.875,11.51,0.266,0,0,0,3,3,2,1,0,6,6,0
Mon Jul 20 2020,0,0,30.77,1246,82,1,3,16,3.54,1156,62,16121,524,824,11.57,4.99,0,0.05,0.3605,0,0,0,2,5,5,0,0,0,0,0
Tue Jul 21 2020,0,0,0,0,0,0,0,0,0,2,0,0,0,2,2.145,2.495,0,0.01,0,0,0,0,1,1,1,0,0,0,0,0
Wed Jul 22 2020,0,0,24.44,559,59,1,2,8,1.02,829,40,9897,405,623,4.505,2.495,0,0,0.2695,0,0,0,1,2,2,0,0,0,0,0
Thu Jul 23 2020,0,0,28.07,1184,86,1,0,10,12.11,1129,59,16929,603,769,11.765,0,10.5,14.38,0.3395,0,0,0,0,5,5,0,0,5,5,0
Fri Jul 24 2020,0,0,24.76,1285,89,0,2,13,9.85,1260,52,17700,715,905,9.18,0,43.18,5,0.3815,0,0,0,0,4,4,0,0,17,16,1
Sat Jul 25 2020,0,0,30.53,1081,85,4,0,14,5.42,1202,45,17035,558,851,4.38,7.485,16.675,0,0.294,0,0,0,3,2,2,0,0,7,7,0
Sun Jul 26 2020,0,0,30.21,877,72,0,2,9,4.23,1009,43,12326,407,755,2.405,0,0,0,0.21350000000000002,0,0,0,0,1,1,0,0,0,0,0
Mon Jul 27 2020,0,0,63.47,1551,156,2,7,53,33.13,1903,273,32753,516,1363,11.465,0,14.395,9.03,0.47950000000000004,0,0,0,0,5,5,0,0,6,6,0
Tue Jul 28 2020,0,0,0,0,0,0,0,4,0,3,0,0,0,3,2.13,0,0,0,0.0034999999999999996,0,0,0,0,1,1,0,0,0,0,0
Wed Jul 29 2020,0,0,34.46,1252,88,1,3,12,11.72,1243,87,21125,608,882,2.32,2.495,0,0,0.3325,0,0,0,1,1,1,0,0,0,0,0
Thu Jul 30 2020,0,0,0,0,0,0,0,1,0,1,0,0,0,1,7.09,0,0,0,0.006999999999999999,0,0,0,0,3,3,0,0,0,0,0
Fri Jul 31 2020,0,0,32.82,1629,103,0,3,15,16.91,1612,85,25698,782,1113,0,4.99,0,1.01,0.34299999999999997,0,0,0,2,0,0,0,0,0,0,0
Sat Aug 01 2020,0,0,31.35,967,73,0,0,7,9.05,1354,55,16552,527,984,4.605,2.495,0,0.14,0.3395,0,0,0,1,2,2,0,0,0,0,0
Sun Aug 02 2020,0,0,31.52,624,72,0,3,15,7.83,1227,50,14659,465,926,0,2.495,0,0,0.2275,0,0,0,1,0,0,0,0,0,0,0
Mon Aug 03 2020,0,0,55.53,641,69,0,1,16,23.36,1226,187,18490,333,957,2.26,0,2.14,0.1,0.294,0,0,0,0,1,1,0,0,1,1,0
Tue Aug 04 2020,0,0,0,0,0,0,0,0,0,4,0,0,0,3,0,0,0,0,0,0,0,0,0,0,0,0,0,0,0,0
Wed Aug 05 2020,0,0,44.41,1146,85,9,3,19,13.96,1122,86,20517,463,808,2.27,0,0,0,0.266,0,0,0,0,1,1,0,0,0,0,0
Thu Aug 06 2020,0,0,0,0,0,0,0,2,0,2,0,0,0,1,4.565,0,0,0,0,0,0,0,0,2,2,0,0,0,0,0
Fri Aug 07 2020,0,0,30.92,1326,84,2,1,10,4.63,1132,48,17069,551,817,8.655,2.495,2.29,0,0.37450000000000006,0,0,0,1,4,4,0,0,1,1,0
Sat Aug 08 2020,0,0,34.83,647,92,0,0,13,11.45,1447,94,22328,640,1111,2.365,2.495,0,0,0.511,0,0,0,1,1,1,0,0,0,0,0
Sun Aug 09 2020,0,0,33.58,1727,116,1,7,23,1.96,1606,54,23874,711,1122,6.81,2.495,2.39,0.04,0.455,0,0,0,1,3,3,0,0,1,1,0
Mon Aug 10 2020,0,0,42.53,713,80,3,0,15,8.91,1368,130,21095,496,988,0,0,0,0,0.4305,0,0,0,0,0,0,0,0,0,0,0
Tue Aug 11 2020,0,0,0,2,2,1,0,0,0,1,0,0,0,1,2.455,0,0,0,0.0175,0,0,0,0,1,1,0,0,0,0,0
Wed Aug 12 2020,0,0,34.68,792,94,4,3,17,5.79,1092,136,17481,505,781,2.45,7.485,0,0.2,0.32899999999999996,0,0,0,3,1,1,0,0,0,0,0
Thu Aug 13 2020,0,0,0,0,0,1,0,0,0,12,0,0,0,3,6.845,0,0,0,0,0,0,0,0,3,3,0,0,0,0,0
Fri Aug 14 2020,0,0,26.56,452,48,1,1,6,8.93,711,37,9879,372,517,2.165,4.99,7.155,5,0.301,0,0,0,2,1,1,0,0,3,3,0
Sat Aug 15 2020,0,0,43.62,1046,103,0,3,6,14.28,1540,67,26478,607,1072,4.58,4.99,2.47,0,0.455,0,0,0,2,2,2,0,0,1,1,0
Sun Aug 16 2020,0,0,40.65,657,75,9,5,16,2.56,1441,60,19998,492,1086,4.635,7.485,23.985,1,0.40950000000000003,0,0,0,3,2,2,0,0,10,10,0
Mon Aug 17 2020,0,0,37.97,1083,103,1,5,22,5.15,1553,68,24299,636,1035,0,4.99,14.42,1,0.5985,0,0,0,2,0,0,0,0,6,6,0
Tue Aug 18 2020,0,0,0,4,2,2,0,0,0,3,0,0,0,3,2.38,0,0,0,0.0034999999999999996,0,0,0,0,1,1,0,0,0,0,0
Wed Aug 19 2020,0,0,43.73,723,87,1,2,19,15.55,1602,175,23175,530,1154,6.945,0,0,0,0.518,0,0,0,0,2,1,1,0,0,0,0
Thu Aug 20 2020,0,0,0,0,0,0,0,1,0,2,0,0,0,2,11.685,0,0,0,0.0175,0,0,0,0,5,5,0,0,0,0,0
Fri Aug 21 2020,0,0,80.21,1293,132,1,2,34,50.28,2310,708,55989,697,1771,4.465,0,0,1,0.6685,0,0,0,0,2,2,0,0,0,0,0
Sat Aug 22 2020,0,0,39.08,1350,112,5,2,31,19.71,2260,90,32828,841,1573,2.215,4.99,11.96,0,0.63,0,0,0,2,1,1,0,0,5,5,0
Sun Aug 23 2020,0,0,37.24,770,93,0,3,699,1.16,1627,65,18174,487,1153,9.465,0,0,0,0.3885,0,0,0,0,4,4,0,0,0,0,0
Mon Aug 24 2020,0,0,43.51,1018,96,0,4,34,11.08,1504,118,22497,518,1103,16.235,2.495,0,0,0.455,0,0,0,1,7,7,0,0,0,0,0
Tue Aug 25 2020,0,0,0,0,0,9,0,3,0,0,0,0,0,0,6.71,0,0,0,0.021,0,0,0,0,3,3,0,0,0,0,0
Wed Aug 26 2020,0,0,31.72,828,90,2,1,23,7.04,1344,70,17602,554,959,2.585,0,0,0.35,0.2695,0,0,0,0,1,1,0,0,0,0,0
Thu Aug 27 2020,0,0,0,0,0,4,0,1,0,1,0,0,0,1,4.7,2.495,0,0,0.027999999999999997,0,0,0,1,2,2,0,0,0,0,0
Fri Aug 28 2020,0,0,32.25,1106,103,0,2,27,4.43,1391,58,20930,648,980,2.49,4.99,0,0.05,0.371,0,0,0,2,1,1,0,0,0,0,0
Sat Aug 29 2020,0,0,33.77,659,93,10,5,13,11.38,1650,96,18201,538,1070,0,0,0,1.1,0.3885,0,0,0,0,0,0,0,0,0,0,0
Sun Aug 30 2020,0,0,34.11,933,76,0,4,21,4.66,1433,72,18315,537,1023,9.37,0,4.33,0.1,0.44799999999999995,0,0,0,0,4,4,0,0,2,2,0
Mon Aug 31 2020,0,0,78.01,1711,188,2,5,73,35.07,2537,396,46494,597,1769,4.205,7.485,0,0.1,0.8785,0,0,0,3,2,2,0,0,0,0,0
Tue Sep 01 2020,0,0,0,1,1,2,0,1,0,1,0,0,0,1,4.605,0,0,1,0.0665,0,0,0,0,2,2,0,0,0,0,0
Wed Sep 02 2020,0,0,37.28,1672,227,0,4,67,10.41,1682,63,24195,644,1108,2.44,4.99,0,3,0.7,0,0,0,2,1,1,0,0,0,0,0
Thu Sep 03 2020,0,0,0,0,0,0,0,2,0,3,0,0,0,2,2.26,2.495,0,0,0.0105,0,0,0,1,1,1,0,0,0,0,0
Fri Sep 04 2020,0,0,35.43,829,102,1,4,13,4.79,1504,57,21366,603,1033,2.415,2.495,2.27,0,0.595,0,0,0,1,1,1,0,0,1,1,0
Sat Sep 05 2020,0,0,34.21,947,95,0,0,17,8.93,1545,55,18440,538,1043,0,2.495,0,2.01,0.5145000000000001,0,0,0,1,0,0,0,0,0,0,0
Sun Sep 06 2020,0,0,37.54,843,104,0,1,23,7.29,1871,91,23801,634,1293,4.61,4.99,23.705,0,0.5635,0,0,0,2,2,2,0,0,10,10,0
Mon Sep 07 2020,0,0,60.56,1015,109,0,10,27,28.4,1564,286,22650,373,1086,11.015,4.99,0,2,0.5075,0,0,0,2,5,5,0,0,0,0,0
Tue Sep 08 2020,0,0,0,0,0,0,0,2,0,3,0,0,0,3,13.245,0,0,0,0.0034999999999999996,0,0,0,0,2,2,0,0,0,0,0
Wed Sep 09 2020,0,0,35.87,714,87,0,2,18,9.15,1369,71,19942,556,1003,4.485,4.99,0,0,0.4935,0,0,0,2,2,2,0,0,0,0,0
Thu Sep 10 2020,0,0,0,2,1,0,0,3,0,2,0,0,0,2,0,0,0,0,0,0,0,0,0,0,0,0,0,0,0,0
Fri Sep 11 2020,0,0,37.39,1603,124,0,2,23,4.5,1511,56,22806,611,1026,7.375,2.495,28.78,1.1,0.504,0,0,0,1,3,3,0,0,12,12,0
Sat Sep 12 2020,0,0,30.22,883,104,0,1,20,1.55,1814,52,20548,679,1239,4.825,7.485,0,0,0.7384999999999999,0,0,0,3,2,2,0,0,0,0,0
Sun Sep 13 2020,0,0,37.65,781,92,2,3,18,4.44,1478,84,16904,449,1003,4.615,0,0,3,0.4935,0,0,0,0,2,2,0,0,0,0,0
Mon Sep 14 2020,0,0,39.52,757,91,3,3,17,4.56,1324,62,19247,486,965,0,7.485,0,0,0.39549999999999996,0,0,0,3,0,0,0,0,0,0,0
Tue Sep 15 2020,0,0,0,0,0,0,0,3,0,2,0,0,0,1,4.58,0,0,0,0.0105,0,0,0,0,2,2,0,0,0,0,0
Wed Sep 16 2020,0,0,38.44,1479,114,3,4,28,10.19,1459,81,24484,637,1048,8.615,7.485,0,1,0.5565,0,0,0,3,4,4,0,0,0,0,0
Thu Sep 17 2020,0,0,0,0,0,13,0,2,0,1,0,0,0,1,4.72,2.495,0,0,0.006999999999999999,0,0,0,1,2,2,0,0,0,0,0
Fri Sep 18 2020,0,0,34.46,1625,105,0,2,17,4.23,1407,53,20435,593,921,4.17,0,0,2,0.5075,0,0,0,0,2,2,0,0,0,0,0
Sat Sep 19 2020,0,0,40.62,1135,131,4,2,31,11.22,2269,88,30302,746,1574,4.675,0,0,0.01,0.8190000000000001,0,0,0,0,1,0,1,0,0,0,0
Sun Sep 20 2020,0,0,41.2,694,100,9,0,27,6.78,2002,95,21629,526,1522,9.275,4.99,0,0.1,0.847,0,0,0,2,4,4,0,0,0,0,0
Mon Sep 21 2020,0,0,42.35,608,79,0,3,14,5.53,1397,91,20539,485,995,4.465,0,0,0,0.5529999999999999,0,0,0,0,2,2,0,0,0,0,0
Tue Sep 22 2020,0,0,0,1,1,0,0,3,0,7,0,0,0,5,7.015,0,0,0,0,0,0,0,0,3,3,0,0,0,0,0
Wed Sep 23 2020,0,0,0,0,0,0,0,0,0,6,0,0,0,1,6.965,0,0,0,0,0,0,0,0,3,3,0,0,0,0,0
Thu Sep 24 2020,0,0,44.08,1256,107,1,4,17,1.06,1095,81,19838,450,770,20.695,2.495,2.28,1,0.413,0,0,0,1,9,9,0,0,1,1,0
Fri Sep 25 2020,0,0,44.05,890,91,0,0,13,8.24,1439,74,23083,524,1013,4.295,2.495,0,0,0.532,0,0,0,1,2,2,0,0,0,0,0
Sat Sep 26 2020,0,0,45.33,759,103,0,2,16,2.06,2104,75,27742,611,1488,0,2.495,0,0.06,0.847,0,0,0,1,0,0,0,0,0,0,0
Sun Sep 27 2020,0,0,50.52,1284,134,1,3,35,7.41,2122,90,29352,581,1419,9.685,2.495,0,17.01,0.7909999999999999,0,0,0,1,4,4,0,0,0,0,0
Mon Sep 28 2020,0,0,53.79,837,98,2,2,26,20.02,1651,146,26412,488,1110,2.23,2.495,0,2,0.7595000000000001,0,0,0,1,1,1,0,0,0,0,0
Tue Sep 29 2020,0,0,0,0,0,0,0,1,0,4,0,0,0,3,2.545,2.495,0,0,0.0105,0,0,0,1,1,1,0,0,0,0,0
Wed Sep 30 2020,0,0,35.74,866,107,0,2,23,1.29,1578,58,23478,657,1085,13.305,2.495,2.28,0,1.043,0,0,0,1,6,6,0,0,1,1,0
Thu Oct 01 2020,0,0,0,0,0,1,0,5,0,4,0,0,0,3,4.605,4.99,0,1,0.035,0,0,0,2,2,2,0,0,0,0,0
Fri Oct 02 2020,0,0,36.79,1196,113,1,4,19,0.81,1579,65,19867,540,977,2.44,2.495,0,0.25,0.8085,0,0,0,1,1,1,0,0,0,0,0
Sat Oct 03 2020,0,0,39.61,1046,116,0,3,23,10.92,1988,112,28518,720,1334,2.26,7.485,0,1,1.036,0,0,0,3,1,1,0,0,0,0,0
Sun Oct 04 2020,0,0,34.4,958,98,0,2,19,3.58,1369,48,18539,539,966,2.415,2.495,2.28,0.48,0.5705,0,0,0,1,1,1,0,0,1,1,0
Mon Oct 05 2020,0,0,44.67,838,98,2,4,29,12.73,1551,68,23854,534,1018,2.3,2.495,4.56,1,0.6335000000000001,0,0,0,1,1,1,0,0,2,2,0
Tue Oct 06 2020,0,0,0,1,1,1,0,0,0,0,0,0,0,0,4.515,0,0,0,0.0034999999999999996,0,0,0,0,2,2,0,0,0,0,0
Wed Oct 07 2020,0,0,0,0,0,0,0,0,0,10,0,0,0,4,8.655,0,0,1,0.0105,0,0,0,0,4,4,0,0,0,0,0
Thu Oct 08 2020,0,0,38.57,919,85,0,1,14,0.1,1084,56,16510,428,795,5.495,2.495,6.84,0.01,0.5145000000000001,0,0,0,1,2,2,0,0,3,3,0
Fri Oct 09 2020,0,0,35.02,717,70,0,4,7,9.84,1081,63,13693,392,781,9.285,7.485,9.25,0,0.5565,0,0,0,3,4,4,0,0,4,4,0
Sat Oct 10 2020,0,0,52.83,1567,138,5,6,33,3.96,2230,86,32646,617,1535,2.455,2.495,2.28,0,1.12,0,0,0,1,1,1,0,0,1,1,0
Sun Oct 11 2020,0,0,45.74,717,96,0,2,14,0.85,1525,68,20810,454,1101,2.425,7.485,0,0.7,0.861,0,0,0,3,1,1,0,0,0,0,0
Mon Oct 12 2020,0,0,61.52,1278,119,7,2,28,17.34,1734,207,27499,447,1272,4.875,0,20.805,1.25,0.875,0,0,0,0,2,2,0,0,10,10,0
Tue Oct 13 2020,0,0,0,5,4,20,11,1,0,0,0,0,0,0,6.865,0,0,0,0.059500000000000004,0,0,0,0,3,3,0,0,0,0,0
Wed Oct 14 2020,0,0,0,0,0,8,0,1,0,3,0,0,0,1,0,0,0,0,0.0175,0,0,0,0,0,0,0,0,0,0,0
Thu Oct 15 2020,0,0,41.37,1691,127,5,2,30,11.59,1512,66,23538,569,1007,4.53,4.99,40.845,9,0.7175,0,0,0,2,2,2,0,0,17,17,0
Fri Oct 16 2020,0,0,49.76,1334,134,2,0,34,21.35,2019,212,28465,572,1382,2.32,0,0,0,0.875,0,0,0,0,1,1,0,0,0,0,0
Sat Oct 17 2020,0,0,58.17,1862,150,1,6,39,10.47,2334,92,29956,514,1559,2.44,4.99,59.585,10.5,1.0465,0,0,0,2,1,1,0,0,25,25,0
Sun Oct 18 2020,0,0,49.89,1131,130,3,1,39,6.3,1831,76,25446,511,1331,6.795,2.495,0,0,0.6509999999999999,0,0,0,1,3,3,0,0,0,0,0
Mon Oct 19 2020,0,0,43.27,880,83,2,5,17,0.35,1162,68,15880,367,889,4.805,0,2.28,0.5,0.434,0,0,0,0,2,2,0,0,1,1,0
Tue Oct 20 2020,0,0,0,1,1,15,0,3,0,2,0,0,0,1,9.275,0,0,0,0.0034999999999999996,0,0,0,0,4,4,0,0,0,0,0
Wed Oct 21 2020,0,0,0,0,0,1,0,2,0,1,0,0,0,1,4.795,2.495,0,0,0,0,0,0,1,2,2,0,0,0,0,0
Thu Oct 22 2020,0,0,45.26,1165,115,1,0,26,12.07,1851,115,22945,506,1191,4.655,2.495,2.28,0,0.8155,0,0,0,1,2,2,0,0,1,1,0
Fri Oct 23 2020,0,0,49.09,1056,100,2,1,22,8.56,1769,119,26165,533,1228,2.27,2.495,0,0,0.7559999999999999,0,0,0,1,1,1,0,0,0,0,0
Sat Oct 24 2020,0,0,57.49,1207,130,7,3,27,6.18,2331,94,28398,493,1506,23.19,9.98,12.12,0.01,0.9555,0,0,0,4,10,10,0,0,5,5,0
Sun Oct 25 2020,0,0,55.77,1099,109,3,2,34,8.81,1999,169,27384,490,1403,6.95,2.495,0,0,0.8295,0,0,0,1,3,3,0,0,0,0,0
Mon Oct 26 2020,0,0,44.47,760,81,3,3,19,6.21,1425,87,17386,390,990,0,2.495,0,3,0.525,0,0,0,1,0,0,0,0,0,0,0
Tue Oct 27 2020,0,0,0,0,0,2,0,1,0,0,0,0,0,0,7.18,0,2.39,0,0.006999999999999999,0,0,0,0,3,3,0,0,1,1,0
Wed Oct 28 2020,0,0,0,0,0,1,0,0,0,3,0,0,0,1,2.13,2.495,0,0,0,0,0,0,1,1,1,0,0,0,0,0
Thu Oct 29 2020,0,0,37.52,641,90,21,3,21,4.27,1314,53,19249,513,934,2.43,2.495,2.46,0,0.7245,0,0,0,1,1,1,0,0,1,1,0
Fri Oct 30 2020,0,0,41.04,1127,99,1,0,23,4.06,1495,62,19988,487,1028,7.135,0,7.155,0,0.672,0,0,0,0,3,3,0,0,3,3,0
Sat Oct 31 2020,0,0,43.64,765,67,1,1,17,3.05,673,70,8815,202,486,10.72,4.99,4.31,0,0.2625,0,0,0,2,5,5,0,0,2,2,0
Sun Nov 01 2020,0,0,54.19,870,123,4,2,38,2.17,2467,100,33221,613,1566,4.605,2.495,0,1.69,1.2495,0,0,0,1,2,2,0,0,0,0,0
Mon Nov 02 2020,0,0,45.43,706,101,2,2,24,4.5,1432,65,19990,439,982,4.535,4.99,0,0.25,0.6545000000000001,0,0,0,2,2,2,0,0,0,0,0
Tue Nov 03 2020,0,0,0,0,0,1,0,2,0,2,0,0,0,2,2.26,0,0,0,0.1225,0,0,0,0,1,1,0,0,0,0,0
Wed Nov 04 2020,0,0,0,0,0,0,0,2,0,4,0,0,0,3,2.42,0,0,0,0.077,0,0,0,0,1,1,0,0,0,0,0
Thu Nov 05 2020,0,0,40.05,960,361,1,0,20,8.41,1239,83,17463,435,846,0,4.99,0,0.55,0.693,0,0,0,2,0,0,0,0,0,0,0
Fri Nov 06 2020,0,0,0,2,2,0,0,2,0,6,0,0,0,3,4.555,0,0,0,0.077,0,0,0,0,2,2,0,0,0,0,0
Sat Nov 07 2020,0,0,35.93,1191,111,0,1,17,3.81,1846,69,21701,603,1275,11.09,7.485,0,0,0.9590000000000001,0,0,0,3,5,5,0,0,0,0,0
Sun Nov 08 2020,0,0,58.54,999,105,2,5,44,9.39,2048,132,27865,475,1371,7.815,0,12.025,1,1.113,0,0,0,0,3,3,0,0,5,5,0
Mon Nov 09 2020,0,0,51.76,731,95,2,1,27,7.34,1483,80,21376,413,1112,9.15,0,0,0,0.7454999999999999,0,0,0,0,4,4,0,0,0,0,0
Tue Nov 10 2020,0,0,0,0,0,0,0,0,0,8,0,0,0,3,2.49,0,0,0,0.0034999999999999996,0,0,0,0,1,1,0,0,0,0,0
Wed Nov 11 2020,0,0,0,0,0,0,0,3,0,5,0,0,0,2,2.42,0,0,0,0.0034999999999999996,0,0,0,0,1,1,0,0,0,0,0
Thu Nov 12 2020,0,0,41.78,768,92,0,1,19,5.8,1498,69,19635,471,1039,11.57,4.99,12.025,4.35,0.7034999999999999,0,0,0,2,5,5,0,0,5,5,0
Fri Nov 13 2020,0,0,38.59,1115,114,1,3,20,5.45,1540,91,21844,565,1087,9.145,0,0,0.59,0.875,0,0,0,0,4,4,0,0,0,0,0
Sat Nov 14 2020,0,0,54.79,1095,118,0,6,20,2.66,1939,117,25478,464,1251,0,7.485,0,5,1.071,0,0,0,3,0,0,0,0,0,0,0
Sun Nov 15 2020,0,0,45.69,791,121,9,7,40,4.84,1900,92,25721,564,1379,2.26,0,0,5,1.1235,0,0,0,0,1,1,0,0,0,0,0
Mon Nov 16 2020,0,0,51,803,105,22,3,28,5.96,1791,80,26215,512,1297,9.45,7.485,0,7,1.2705,0,0,0,3,4,4,0,0,0,0,0
Tue Nov 17 2020,0,0,0,0,0,8,0,0,0,2,0,0,0,2,2.435,2.495,0,0,0,0,0,0,1,1,1,0,0,0,0,0
Wed Nov 18 2020,0,0,0,0,0,34,0,0,0,7,0,0,0,3,2.115,0,0,0,0.013999999999999999,0,0,0,0,1,1,0,0,0,0,0
Thu Nov 19 2020,0,0,41.86,1037,134,15,1,22,3.03,1963,96,23274,555,1158,2.37,2.495,0,4,1.225,0,0,0,1,1,1,0,0,0,0,0
Fri Nov 20 2020,0,0,0,0,0,1,0,0,0,1,0,0,0,1,12.17,2.495,2.5,0,0,0,0,0,1,5,5,0,0,1,1,0
Sat Nov 21 2020,0,0,48.26,973,135,4,1,40,4.05,2707,142,27703,574,1730,4.735,0,0,0,1.757,0,0,0,0,2,2,0,0,0,0,0
Sun Nov 22 2020,0,0,51.17,472,83,1,4,26,14.59,1685,219,21901,427,1261,4.65,2.495,0,0.01,0.9309999999999999,0,0,0,1,2,2,0,0,0,0,0
Mon Nov 23 2020,0,0,69.83,939,136,0,2,52,22.61,2234,352,32818,470,1583,2.27,2.495,0,0.1,1.4385,0,0,0,1,1,1,0,0,0,0,0
Tue Nov 24 2020,0,0,0,1,1,0,0,2,0,12,0,0,0,6,20.895,2.495,0,0,0.021,0,0,0,1,9,9,0,0,0,0,0
Wed Nov 25 2020,0,0,46.74,869,105,0,4,36,1.65,1966,102,26408,566,1441,6.955,2.495,2.1,1.5,1.365,0,0,0,1,3,3,0,0,1,1,0
Thu Nov 26 2020,0,0,52.72,1058,120,2,1,37,1.61,2093,76,26362,501,1515,2.375,2.495,0,1,1.589,0,0,0,1,1,1,0,0,0,0,0
Fri Nov 27 2020,0,0,47.71,830,99,2,1,24,6.75,1437,201,22567,472,1051,11.85,2.495,0,0,0.868,0,0,0,1,5,5,0,0,0,0,0
Sat Nov 28 2020,0,0,52.29,1264,114,0,2,28,2.37,2006,89,24735,472,1447,6.715,9.98,12.12,0.11,1.3475,0,0,0,4,3,3,0,0,5,5,0
Sun Nov 29 2020,0,0,47.49,597,94,4,3,20,7.91,1828,103,23412,492,1326,2.27,0,12.12,0,1.3265,0,0,0,0,1,1,0,0,5,5,0
Mon Nov 30 2020,0,0,52.58,1387,115,6,5,44,12.86,1984,155,26922,511,1430,10.3,7.485,7.18,1.24,1.0815000000000001,0,0,0,3,4,4,0,0,3,3,0
Tue Dec 01 2020,0,0,0,2,2,2,0,1,0,5,0,0,0,3,4.605,0,0,0,0.0034999999999999996,0,0,0,0,2,2,0,0,0,0,0
Wed Dec 02 2020,0,0,0,0,0,1,0,0,0,4,0,0,0,2,2.435,0,0,0,0.0175,0,0,0,0,1,1,0,0,0,0,0
Thu Dec 03 2020,0,0,44.82,891,98,0,2,16,6.9,1408,64,20660,461,1031,4.79,2.495,12.025,0,1.015,0,0,0,1,2,2,0,0,5,5,0
Fri Dec 04 2020,0,0,0,1,1,1,0,2,0,4,0,0,0,3,2.42,0,0,1,0,0,0,0,0,1,1,0,0,0,0,0
Sat Dec 05 2020,0,0,49.09,1333,123,0,0,24,5.07,1919,96,26556,541,1403,2.525,0,0,3.31,1.246,0,0,0,0,1,1,0,0,0,0,0
Sun Dec 06 2020,0,0,37.93,1195,113,11,2,28,7.77,1634,76,19684,518,1150,4.685,4.99,0,0,1.043,0,0,0,2,2,2,0,0,0,0,0
Mon Dec 07 2020,0,0,48.6,846,89,0,0,28,11.15,1608,165,23425,482,1180,9.295,0,0,0,1.1095,0,0,0,0,4,4,0,0,0,0,0
Tue Dec 08 2020,0,0,0,0,0,0,0,0,0,4,0,0,0,1,3.13,2.495,0,0,0.013999999999999999,0,0,0,1,1,1,0,0,0,0,0
Wed Dec 09 2020,0,0,0,0,0,0,0,0,0,0,0,0,0,0,6.87,0,0,0,0.013999999999999999,0,0,0,0,3,3,0,0,0,0,0
Thu Dec 10 2020,0,0,37.14,552,82,1,1,7,14.44,1226,115,15116,407,932,0,0,0,0,0.7595000000000001,0,0,0,0,0,0,0,0,0,0,0
Fri Dec 11 2020,0,0,50.27,543,96,0,2,15,30.53,1435,147,23324,464,1080,2.42,0,0,0.01,0.9590000000000001,0,0,0,0,1,1,0,0,0,0,0
Sat Dec 12 2020,0,0,51.8,747,98,2,2,35,7.52,1863,124,26261,507,1349,9.515,0,0,0,1.1340000000000001,0,0,0,0,4,4,0,0,0,0,0
Sun Dec 13 2020,0,0,37.84,964,96,1,13,28,3.46,1595,56,18315,483,1187,6.925,2.495,12.18,2,0.973,0,0,0,1,3,3,0,0,5,5,0
Mon Dec 14 2020,0,0,33.89,630,84,5,2,12,4.47,1373,60,18436,543,1005,4.675000000000001,2.495,12.055,0,0.966,0,0,0,1,2,2,0,0,5,5,0
Tue Dec 15 2020,0,0,0,0,0,0,0,2,0,1,0,0,0,1,2.295,0,0,0,0.0175,0,0,0,0,1,1,0,0,0,0,0
Wed Dec 16 2020,0,0,0,0,0,1,0,3,0,10,0,0,0,6,7.01,0,0,0,0.006999999999999999,0,0,0,0,3,3,0,0,0,0,0
Thu Dec 17 2020,0,0,45.05,841,96,6,5,21,0.37,1268,65,19010,421,963,6.99,0,12.055,0,0.8155,0,0,0,0,3,3,0,0,5,5,0
Fri Dec 18 2020,0,0,0,0,0,2,0,0,0,7,0,0,0,1,2.25,2.495,0,0,0.013999999999999999,0,0,0,1,1,1,0,0,0,0,0
Sat Dec 19 2020,0,0,48.81,740,113,0,4,30,9.54,1751,198,21478,441,1340,2.38,2.495,4.775,8,1.078,0,0,0,1,1,1,0,0,2,2,0
Sun Dec 20 2020,0,0,35.35,587,79,0,1,14,4.34,1510,62,16721,473,1158,9.7,0,14.375,4,0.9135,0,0,0,0,4,4,0,0,6,6,0
Mon Dec 21 2020,0,0,48.72,1182,103,8,3,15,8.2,1796,124,26209,538,1296,4.795,2.495,2.26,3,0.973,0,0,0,1,2,2,0,0,1,1,0
Tue Dec 22 2020,0,0,0,1,1,0,0,1,0,3,0,0,0,2,4.73,0,4.65,15,0.021,0,0,0,0,2,2,0,0,2,2,0
Wed Dec 23 2020,0,0,0,0,0,0,0,0,0,3,0,0,0,3,2.305,0,0,0,0.006999999999999999,0,0,0,0,1,1,0,0,0,0,0
Thu Dec 24 2020,0,0,42.46,1043,121,1,2,18,3.46,1808,67,21017,495,1312,21.22,2.495,52.525,0,1.155,0,0,0,1,9,9,0,0,12,2,10
Fri Dec 25 2020,0,0,50.74,845,125,3,4,28,10.32,2168,137,25980,512,1564,7.195,0,9.93,10,1.3195,0,0,0,0,3,3,0,0,4,4,0
Sat Dec 26 2020,0,0,42.55,767,93,3,2,7,0.87,1503,59,16808,395,1065,2.64,4.99,21.62,2.01,0.6895,0,0,0,2,1,1,0,0,9,9,0
Sun Dec 27 2020,0,0,40.55,1021,104,0,4,13,2.85,1719,68,19303,476,1219,9.44,2.495,22.65,0,0.8225,0,0,0,1,4,4,0,0,10,10,0
Mon Dec 28 2020,0,0,48.91,1235,116,2,5,36,9.67,1885,99,26119,535,1387,11.79,2.495,2.31,10,0.8015000000000001,0,0,0,1,4,3,1,0,1,1,0
Tue Dec 29 2020,0,0,0,1,1,0,0,1,0,6,0,0,0,3,4.605,4.99,0,2.83,0.0034999999999999996,0,0,0,2,2,2,0,0,0,0,0
Wed Dec 30 2020,0,0,0,0,0,0,0,1,0,6,0,0,0,2,8.265,0,0,1,0.0034999999999999996,0,0,0,0,3,3,0,0,0,0,0
Thu Dec 31 2020,0,0,32.01,1124,126,0,4,10,7.65,1952,73,25508,797,1351,2.305,0,0,2.84,0.6475,0,0,0,0,1,1,0,0,0,0,0
Fri Jan 01 2021,0,0,42.78,1115,130,1,3,32,5.21,2084,71,26138,595,1452,4.72,4.99,12.745,2.62,0.28,0,0,0,2,2,2,0,0,6,6,0
Sat Jan 02 2021,0,0,38.9,631,77,0,2,12,7.4,1359,67,16301,399,955,7.35,0,0,0,0.2695,0,0,0,0,3,3,0,0,0,0,0
Sun Jan 03 2021,0,0,43.93,779,99,3,3,25,12.27,1761,104,23855,544,1204,4.87,2.495,12.055,0,0.301,0,0,0,1,2,2,0,0,5,5,0
Mon Jan 04 2021,0,0,52.2,1460,156,1,4,32,9.31,2283,184,36381,696,1629,2.41,0,7.065,1,0.19949999999999998,0,0,0,0,1,1,0,0,3,3,0
Tue Jan 05 2021,0,0,0,0,0,0,0,5,0,2,0,0,0,2,5.26,0,0,0,0,0,0,0,0,2,2,0,0,0,0,0
Wed Jan 06 2021,0,0,0,0,0,1,0,2,0,3,0,0,0,2,4.755,0,0,0,0.0034999999999999996,0,0,0,0,2,2,0,0,0,0,0
Thu Jan 07 2021,0,0,38.3,720,81,1,0,17,2.79,1474,72,18268,453,1061,9.39,0,2.305,0.1,0.1295,0,0,0,0,4,4,0,0,1,1,0
Fri Jan 08 2021,0,0,55.41,1092,126,0,2,35,7.17,2089,222,31915,576,1479,3.135,4.99,2.38,5,0.1435,0,0,0,2,1,1,0,0,1,1,0
Sat Jan 09 2021,0,0,62.39,1397,139,1,5,50,6.62,2265,114,31381,503,1559,11.665,2.495,0,0,0.2275,0,0,0,1,5,5,0,0,0,0,0
Sun Jan 10 2021,0,0,49.04,1107,119,13,1,37,11.39,2088,94,25451,519,1491,0,2.495,2.26,0.2,0.1925,0,0,0,1,0,0,0,0,1,1,0
Mon Jan 11 2021,0,0,54.83,850,80,1,5,20,9.1,1750,96,23194,423,1274,2.42,0,0,0.02,0.259,0,0,0,0,1,1,0,0,0,0,0
Tue Jan 12 2021,0,0,0,7,2,1,0,2,0,2,0,0,0,2,9.62,0,0,0,0.006999999999999999,0,0,0,0,4,4,0,0,0,0,0
Wed Jan 13 2021,0,0,0,0,0,0,0,0,0,8,0,0,0,3,6.99,0,0,0,0.013999999999999999,0,0,0,0,3,3,0,0,0,0,0
Thu Jan 14 2021,0,0,45.84,688,70,0,3,16,2.48,1273,131,15495,337,961,0,2.495,2.31,0,0.19949999999999998,0,0,0,1,0,0,0,0,1,1,0
Fri Jan 15 2021,0,0,0,0,0,1,1,2,0,5,0,0,0,4,2.295,0,0,0,0.0175,0,0,0,0,1,1,0,0,0,0,0
Sat Jan 16 2021,0,0,60.13,1306,149,0,0,47,7.77,2567,103,31508,523,1910,9.61,0,14.715,0,0.364,0,0,0,0,4,4,0,0,6,6,0
Sun Jan 17 2021,0,0,56.9,907,114,0,0,27,3.04,1987,79,25378,446,1461,9.185,2.495,0,0,0.2975,0,0,0,1,4,4,0,0,0,0,0
Mon Jan 18 2021,0,0,54.35,1276,136,1,3,26,9.09,2188,123,31253,575,1532,2.22,2.495,0,0.05,0.385,0,0,0,1,1,1,0,0,0,0,0
Tue Jan 19 2021,0,0,0,0,0,1,0,0,0,0,0,0,0,0,2.38,0,47.48,0,0.084,0,0,0,0,1,1,0,0,20,20,0
Wed Jan 20 2021,0,0,0,0,0,0,0,8,0,0,0,0,0,0,9.7,0,0,0,0.0105,0,0,0,0,4,4,0,0,0,0,0
Thu Jan 21 2021,0,0,56.94,995,129,0,1,27,10.14,1784,165,24256,426,1289,4.785,4.99,2.31,0,0.21350000000000002,0,0,0,2,2,2,0,0,1,1,0
Fri Jan 22 2021,0,0,38.11,936,105,2,0,24,5.18,1747,105,23436,614,1297,9.18,9.98,24.075,3,0.175,0,0,0,4,4,4,0,0,10,10,0
Sat Jan 23 2021,0,0,56.45,753,121,1,8,33,10.19,2310,109,27715,491,1660,4.65,4.99,0,2.2,0.32549999999999996,0,0,0,2,2,2,0,0,0,0,0
Sun Jan 24 2021,0,0,50.12,1044,131,0,3,22,12.77,1894,121,23357,466,1341,21.22,4.99,4.62,1,0.3045,0,0,0,2,9,9,0,0,2,2,0
Mon Jan 25 2021,0,0,47.73,644,93,1,1,12,3.45,1535,82,20189,422,1145,6.96,2.495,0,5,0.28,0,0,0,1,3,3,0,0,0,0,0
Tue Jan 26 2021,0,0,0,0,0,2,1,3,0,5,0,0,0,2,0,0,0,0.01,0.006999999999999999,0,0,0,0,0,0,0,0,0,0,0
Wed Jan 27 2021,0,0,0,0,0,0,2,2,0,5,0,0,0,2,7.28,0,0,0,0.006999999999999999,0,0,0,0,3,3,0,0,0,0,0
Thu Jan 28 2021,0,0,49.91,708,85,0,2,24,8.42,1381,128,19014,381,997,6.785,2.495,0,0,0.2625,0,0,0,1,2,1,1,0,0,0,0
Fri Jan 29 2021,0,0,0,0,0,0,1,0,0,4,0,0,0,2,2.375,2.495,0,0,0.0034999999999999996,0,0,0,1,1,1,0,0,0,0,0
Sat Jan 30 2021,0,0,59.51,1083,105,3,3,16,13.93,1881,88,26838,450,1371,12.945,2.495,2.3,0,0.294,0,0,0,1,5,5,0,0,1,1,0
Sun Jan 31 2021,0,0,40.35,1075,102,1,3,29,6.36,2058,61,26230,651,1471,0,0,0,0,0.4445,0,0,0,0,0,0,0,0,0,0,0
Mon Feb 01 2021,0,0,47.94,630,94,1,3,24,9.15,1716,122,24545,513,1217,4.745,2.495,24.535,1.02,0.525,0,0,0,1,2,2,0,0,10,10,0
Tue Feb 02 2021,0,0,0,0,0,0,0,4,0,0,0,0,0,0,2.435,0,0,0,0.006999999999999999,0,0,0,0,1,1,0,0,0,0,0
Wed Feb 03 2021,0,0,0,0,0,1,0,2,0,0,0,0,0,0,7.355,0,0,0,0.021,0,0,0,0,3,3,0,0,0,0,0
Thu Feb 04 2021,0,0,47.1,585,75,2,7,28,10.5,1576,126,17803,379,1154,2.415,7.485,0,0,0.4235,0,0,0,3,1,1,0,0,0,0,0
Fri Feb 05 2021,0,0,49.98,1693,108,2,4,14,6.74,1483,110,26638,534,1095,8.065,2.495,2.295,0,0.8540000000000001,0,0,0,1,3,3,0,0,1,1,0
Sat Feb 06 2021,0,0,45.92,898,95,2,2,21,4.26,1889,80,24431,532,1385,4.99,2.495,2.31,0,0.3395,0,0,0,1,2,2,0,0,1,1,0
Sun Feb 07 2021,0,0,53.85,755,95,1,0,23,8.84,1934,171,25201,469,1410,9.325,0,0,0,0.56,0,0,0,0,4,4,0,0,0,0,0
Mon Feb 08 2021,0,0,45.27,1068,107,1,1,19,2.51,1701,70,21051,465,1232,5.43,2.495,0,1,0.3675,0,0,0,1,2,2,0,0,0,0,0
Tue Feb 09 2021,0,0,0,0,0,0,0,1,0,0,0,0,0,0,9.34,0,0,0,0.006999999999999999,0,0,0,0,4,4,0,0,0,0,0
Wed Feb 10 2021,0,0,0,0,0,0,0,0,0,0,0,0,0,0,0,0,2.31,0,0.0105,0,0,0,0,0,0,0,0,1,1,0
Thu Feb 11 2021,0,0,44.47,513,80,0,1,13,7.27,1343,63,19789,444,993,4.625,4.99,14.165,1,0.3115,0,0,0,2,2,2,0,0,6,6,0
Fri Feb 12 2021,0,0,54.45,944,105,1,3,28,16.03,2031,214,25426,468,1491,9.42,0,0,0.09,0.679,0,0,0,0,4,4,0,0,0,0,0
Sat Feb 13 2021,0,0,51.34,944,78,0,1,7,3.59,1586,67,23566,458,1141,6.745,2.495,0,0,0.47600000000000003,0,0,0,1,3,3,0,0,0,0,0
Sun Feb 14 2021,0,0,44.38,564,87,1,0,12,5.22,1644,64,21216,478,1258,2.175,4.99,2.26,0,0.511,0,0,0,2,1,1,0,0,1,1,0
Mon Feb 15 2021,0,0,44.57,569,96,1,4,12,7.14,1599,141,21752,487,1160,2.295,0,0,5,0.434,0,0,0,0,1,1,0,0,0,0,0
Tue Feb 16 2021,0,0,0,0,0,0,0,2,0,1,0,0,0,1,2.375,2.495,0,0,0.0034999999999999996,0,0,0,1,1,1,0,0,0,0,0
Wed Feb 17 2021,0,0,0,0,0,0,0,1,0,0,0,0,0,0,2.435,0,0,0,0.021,0,0,0,0,1,1,0,0,0,0,0
Thu Feb 18 2021,0,0,42.71,1047,102,1,2,19,16.43,1482,148,22933,537,1075,6.765,2.495,2.31,1.01,0.6054999999999999,0,0,0,1,3,3,0,0,1,1,0
Fri Feb 19 2021,0,0,35.26,873,105,0,0,18,1.18,1481,67,20136,571,1109,4.755,2.495,79.59,0,0.3675,0,0,0,1,2,2,0,0,33,33,0
Sat Feb 20 2021,0,0,45.12,1210,110,1,2,28,9.76,1620,78,19851,440,1187,14.01,2.495,12.08,1.04,0.39549999999999996,0,0,0,1,6,6,0,0,5,5,0
Sun Feb 21 2021,0,0,37.46,881,86,0,2,15,7.82,1555,66,17271,461,1190,9.425,0,119.325,3,0.336,0,0,0,0,4,4,0,0,50,50,0
Mon Feb 22 2021,0,0,58.08,1079,113,3,3,14,10.46,2142,115,34673,598,1523,9.17,4.99,0,0,0.4935,0,0,0,2,4,4,0,0,0,0,0
Tue Feb 23 2021,0,0,0,1,1,1,0,2,0,5,0,0,0,5,2.305,2.495,0,0,0.013999999999999999,0,0,0,1,1,1,0,0,0,0,0
Wed Feb 24 2021,0,0,0,0,0,0,0,1,0,0,0,0,0,0,21.225,0,0,0,0.006999999999999999,0,0,0,0,9,9,0,0,0,0,0
Thu Feb 25 2021,0,0,46.42,679,76,2,3,11,4.34,1406,70,20517,442,1020,9.395,0,0,0,0.2555,0,0,0,0,4,4,0,0,0,0,0
Fri Feb 26 2021,0,0,0,0,0,3,0,1,0,5,0,0,0,2,0,0,2.31,1,0.042,0,0,0,0,0,0,0,0,1,1,0
Sat Feb 27 2021,0,0,46.87,1034,96,27,1,21,18.52,1653,166,19825,423,1259,11.925,2.495,11.995,1,0.42,0,0,0,1,4,3,1,0,5,5,0
Sun Feb 28 2021,0,0,37.73,806,87,2,1,13,2.33,1602,95,16452,436,1213,9.525,4.99,0,0,0.3325,0,0,0,2,4,4,0,0,0,0,0
Mon Mar 01 2021,0,0,46.01,1299,106,0,2,18,7.02,1772,140,25993,565,1254,9.415,0,2.31,0,0.4235,0,0,0,0,4,4,0,0,1,1,0
Tue Mar 02 2021,0,0,0,0,0,1,0,1,0,6,0,0,0,4,0,0,0,0,0.006999999999999999,0,0,0,0,0,0,0,0,0,0,0
Wed Mar 03 2021,0,0,0,0,0,0,1,0,0,1,0,0,0,1,2.26,0,0,0,0.0105,0,0,0,0,1,1,0,0,0,0,0
Thu Mar 04 2021,0,0,54.49,551,94,2,1,17,5.12,1534,156,25067,460,1153,2.4,2.495,12.055,0,0.6125,0,0,0,1,1,1,0,0,5,5,0
Fri Mar 05 2021,0,0,43.9,1531,112,0,0,14,4.07,1535,166,17602,401,1138,4.995,2.495,2.55,0.01,0.42700000000000005,0,0,0,1,2,2,0,0,1,1,0
Sat Mar 06 2021,0,0,45.63,1072,116,0,1,19,11.48,1618,123,19851,436,1141,7.41,7.485,15.24,6,0.32549999999999996,0,0,0,3,3,3,0,0,6,6,0
Sun Mar 07 2021,0,0,43.61,870,86,1,2,20,3.63,1518,64,18446,422,1083,9.215,2.495,4.455,0.01,0.2905,0,0,0,1,4,4,0,0,2,2,0
Mon Mar 08 2021,0,0,44.29,894,105,1,3,13,2.61,1526,105,19223,435,1173,4.755,2.495,0,1,0.3675,0,0,0,1,2,2,0,0,0,0,0
Tue Mar 09 2021,0,0,0,1,1,2,0,2,0,6,0,0,0,5,9.315,0,0,0,0.013999999999999999,0,0,0,0,4,4,0,0,0,0,0
Wed Mar 10 2021,0,0,0,0,0,2,0,1,0,1,0,0,0,1,0,0,0,0,0.006999999999999999,0,0,0,0,0,0,0,0,0,0,0
Thu Mar 11 2021,0,0,60.65,1116,113,13,1,8,2.03,1483,86,23895,395,1085,7.315,2.495,16.655,0,0.322,0,0,0,1,3,3,0,0,7,7,0
Fri Mar 12 2021,0,0,0,2,2,1,0,0,0,11,0,0,0,2,4.73,0,2.22,0,0.0034999999999999996,0,0,0,0,2,2,0,0,1,1,0
Sat Mar 13 2021,0,0,53.03,847,106,0,2,20,10.19,1899,161,24446,462,1364,8.97,2.495,2.585,0,0.3675,0,0,0,1,4,4,0,0,1,1,0
Sun Mar 14 2021,0,0,47.99,746,89,2,1,15,16.72,1503,102,18958,396,1136,6.94,7.485,0,0,0.35350000000000004,0,0,0,3,3,3,0,0,0,0,0
Mon Mar 15 2021,0,0,46.73,1184,100,0,5,14,12.09,1669,102,25283,540,1185,2.295,2.495,2.36,2.02,0.49700000000000005,0,0,0,1,1,1,0,0,1,1,0
Tue Mar 16 2021,0,0,49.8,694,86,0,2,20,0.81,1258,68,18826,378,947,2.375,2.495,0,0,0.4305,0,0,0,1,1,1,0,0,0,0,0
Wed Mar 17 2021,0,0,0,6,3,1,0,1,0,2,0,0,0,2,0,0,0,0,0.0034999999999999996,0,0,0,0,0,0,0,0,0,0,0
Thu Mar 18 2021,0,0,43.17,591,83,0,1,8,8,1392,71,19168,444,1069,2.2,0,14.375,0,0.5775,0,0,0,0,1,1,0,0,6,6,0
Fri Mar 19 2021,0,0,42.19,943,97,0,1,17,14.96,1575,94,22278,527,1140,9.94,0,2.31,0.05,0.6195,0,0,0,0,4,4,0,0,1,1,0
Sat Mar 20 2021,0,0,33.57,577,84,0,2,20,2.02,1529,55,13967,416,1131,14.63,2.495,4.69,50,0.4445,0,0,0,1,6,6,0,0,2,2,0
Sun Mar 21 2021,0,0,42.8,1159,109,1,3,12,1.74,1731,66,20715,484,1246,7.015,0,2.255,0,0.525,0,0,0,0,3,3,0,0,1,1,0
Mon Mar 22 2021,0,0,53.31,1067,157,2,0,53,14.75,2583,238,28950,542,2027,2.38,2.495,12.18,1,1.1515,0,0,0,1,1,1,0,0,5,5,0
Tue Mar 23 2021,0,0,0,0,0,0,0,2,0,0,0,0,0,0,2.305,0,12.025,1,0.0105,0,0,0,0,1,1,0,0,5,5,0
Wed Mar 24 2021,0,0,61.56,1093,107,1,4,12,4.08,1604,95,23822,388,1156,23.595,2.495,0,0,0.46549999999999997,0,0,0,1,10,10,0,0,0,0,0
Thu Mar 25 2021,0,0,47.36,1006,107,12,2,20,4.7,1634,73,25290,533,1178,13.815,4.99,2.31,0,0.7105,0,0,0,2,6,6,0,0,1,1,0
Fri Mar 26 2021,0,0,63.3,1002,119,0,6,25,24.13,1836,180,28234,445,1354,4.81,4.99,12.18,1.32,0.9205,0,0,0,2,2,2,0,0,5,5,0
Sat Mar 27 2021,0,0,66.72,1356,217,23,8,176,12.65,2501,339,27423,412,1874,9.605,0,67.625,7,0.7454999999999999,0,0,0,0,4,4,0,0,28,28,0
Sun Mar 28 2021,0,0,47,735,115,40,6,40,2.76,2171,78,26555,562,1602,6.73,0,0,5,0.6335000000000001,0,0,0,0,2,1,1,0,0,0,0
Mon Mar 29 2021,0,0,54.89,1277,122,26,7,17,7.99,2026,89,29969,546,1380,2.375,0,24.43,1,0.735,0,0,0,0,1,1,0,0,10,10,0
Tue Mar 30 2021,0,0,0,3,3,9,0,7,0,2,0,0,0,2,4.97,2.495,0,0,0.021,0,0,0,1,2,2,0,0,0,0,0
Wed Mar 31 2021,0,0,50.8,927,111,13,3,31,14.19,1791,99,28704,563,1336,0,0,0,4,0.637,0,0,0,0,0,0,0,0,0,0,0
Thu Apr 01 2021,0,0,62.09,1142,115,1,2,24,19.1,1632,168,28933,464,1188,16.495,7.485,14.155,4,0.3815,0,0,0,3,7,7,0,0,6,6,0
Fri Apr 02 2021,0,0,144.28,1356,162,11,1,57,49.96,2600,849,64928,450,2095,7.125,2.495,48.175,4.02,0.7034999999999999,0,0,0,1,3,3,0,0,20,20,0
Sat Apr 03 2021,0,0,55.41,1051,113,3,6,21,9.8,1834,121,25823,466,1348,7.025,2.495,0,4,0.518,0,0,0,1,3,3,0,0,0,0,0
Sun Apr 04 2021,0,0,58.95,643,104,0,1,14,15.43,1758,85,24875,422,1344,2.4,0,0,0,0.483,0,0,0,0,1,1,0,0,0,0,0
Mon Apr 05 2021,0,0,52.9,1091,102,35,3,16,9.59,1512,97,22852,433,1134,2.605,0,0,1.01,0.5529999999999999,0,0,0,0,1,1,0,0,0,0,0
Tue Apr 06 2021,0,0,0,1,1,5,0,3,0,1,0,0,0,1,5.03,0,0,0,0.0034999999999999996,0,0,0,0,2,2,0,0,0,0,0
Wed Apr 07 2021,0,0,46.49,617,71,1,1,12,7.34,1079,71,14550,312,824,16.735,2.495,2.29,1.21,0.294,0,0,0,1,7,7,0,0,1,1,0
Thu Apr 08 2021,0,0,51.65,1069,104,0,3,23,6.32,1480,153,24635,476,1105,7.01,0,0,0,0.3465,0,0,0,0,3,3,0,0,0,0,0
Fri Apr 09 2021,0,0,60.45,1085,123,2,3,25,22.24,2025,223,31675,523,1527,11.6,4.99,2.205,0,0.5285,0,0,0,2,5,5,0,0,1,1,0
Sat Apr 10 2021,0,0,69.23,1163,114,2,4,27,16.23,1799,128,30045,435,1323,2.285,2.495,15.915,5.2,0.3885,0,0,0,1,1,1,0,0,6,6,0
Sun Apr 11 2021,0,0,61.96,1628,133,1,4,27,6.47,2107,110,36496,590,1485,7.245,2.495,12.585,1.51,0.5425,0,0,0,1,3,3,0,0,6,6,0
Mon Apr 12 2021,0,0,66.37,1151,127,2,8,20,4.95,2051,100,35842,539,1409,6.655,4.99,2.31,0,0.4515,0,0,0,2,3,3,0,0,1,1,0
Tue Apr 13 2021,0,0,0,0,0,1,0,4,0,4,0,0,0,2,6.705,0,0,0,0,0,0,0,0,3,3,0,0,0,0,0
Wed Apr 14 2021,0,0,58.14,1014,110,2,5,22,19.09,1604,183,23316,402,1168,9.49,0,0,0,0.46549999999999997,0,0,0,0,4,4,0,0,0,0,0
Thu Apr 15 2021,0,0,53.34,829,101,1,1,20,8.44,1544,78,24481,459,1103,2.295,2.495,2.31,6,0.413,0,0,0,1,1,1,0,0,1,1,0
Fri Apr 16 2021,0,0,55.1,898,122,1,1,18,10.9,1612,94,28102,511,1102,4.925,2.495,2.19,3,0.525,0,0,0,1,2,2,0,0,1,1,0
Sat Apr 17 2021,0,0,65.94,841,132,0,1,27,16.84,1878,244,27234,413,1369,0,2.495,28.14,10,0.5670000000000001,0,0,0,1,0,0,0,0,12,12,0
Sun Apr 18 2021,0,0,67.65,998,86,0,2,17,16.85,1776,169,24894,368,1189,2.86,0,14.965,1,0.39899999999999997,0,0,0,0,1,1,0,0,7,7,0
Mon Apr 19 2021,0,0,64.34,1129,117,0,4,14,10.34,1567,84,28826,448,1133,9.94,0,10.48,0,0.623,0,0,0,0,4,4,0,0,5,5,0
Tue Apr 20 2021,0,0,57.5,858,99,0,0,16,9.9,1586,106,25761,448,1095,14.675,7.485,0,1,0.742,0,0,0,3,6,6,0,0,0,0,0
Wed Apr 21 2021,0,0,63.82,629,98,0,6,19,5.48,1664,93,26676,418,1183,9.345,2.495,0,1,0.42,0,0,0,1,4,4,0,0,0,0,0
Thu Apr 22 2021,0,0,57.62,991,91,2,4,18,6.16,1626,112,28465,493,1169,4.76,0,16.79,2.5,0.7,0,0,0,0,2,2,0,0,7,7,0
Fri Apr 23 2021,0,0,58.14,1492,314,4,3,523,22.44,1992,240,27789,479,1264,9.315,2.495,0,0,0.7245,0,0,0,1,4,4,0,0,0,0,0
Sat Apr 24 2021,0,0,65.17,1504,129,8,4,34,7.59,2200,206,34409,528,1569,29.19,2.495,2.235,1,0.7175,0,0,0,1,12,12,0,0,1,1,0
Sun Apr 25 2021,0,0,51.22,813,87,0,1,12,0.37,1581,75,23664,462,1102,15.645,4.99,0,1,0.616,0,0,0,2,7,7,0,0,0,0,0
Mon Apr 26 2021,0,0,60.52,1819,138,0,5,21,6.77,1836,97,36798,608,1284,7.195,4.99,4.62,0.1,0.4865,0,0,0,2,3,3,0,0,2,2,0
Tue Apr 27 2021,0,0,69.6,1117,190,5,4,96,7.79,1993,105,40092,576,1354,21.935,2.495,2.665,0,0.777,0,0,0,1,9,9,0,0,1,1,0
Wed Apr 28 2021,0,0,54.73,815,83,3,4,14,9.94,1388,75,21839,399,1011,6.779999999999999,2.495,0,0,0.4585,0,0,0,1,2,1,1,0,0,0,0
Thu Apr 29 2021,0,0,62.88,714,116,10,3,21,6.2,1925,86,32699,519,1302,5.005,7.485,0,2,0.693,0,0,0,3,2,2,0,0,0,0,0
Fri Apr 30 2021,0,0,54.96,1142,113,3,6,14,4.56,1515,89,25885,471,1060,7.72,2.495,27.495,0,0.5495,0,0,0,1,3,3,0,0,10,10,0
Sat May 01 2021,0,0,75.87,1175,135,5,5,36,13.76,2122,190,33916,448,1508,26.245,7.485,0,0,0.483,0,0,0,3,7,6,0,1,0,0,0
Sun May 02 2021,0,0,75.31,1907,154,18,3,26,13.28,2134,182,42703,566,1471,9.675,4.99,0,3.5,0.4725,0,0,0,2,4,4,0,0,0,0,0
Mon May 03 2021,0,0,80.78,1357,315,1,2,627,9.3,2073,304,39261,486,1488,7.205,17.465,41.705000000000005,0.01,0.6335000000000001,0,0,0,7,3,3,0,0,17,16,1
Tue May 04 2021,0,0,59.6,901,201,0,3,10,11.15,1678,115,28072,471,1265,4.775,0,0,0,0.483,0,0,0,0,2,2,0,0,0,0,0
Wed May 05 2021,0,0,58.08,854,103,1,6,25,26.75,1606,217,24975,430,1154,4.995,2.495,0,1.5,0.63,0,0,0,1,2,2,0,0,0,0,0
Thu May 06 2021,0,0,72.68,1146,150,2,7,35,12.93,2149,201,35104,483,1548,7.255,7.485,0,0,0.8855,0,0,0,3,3,3,0,0,0,0,0
Fri May 07 2021,0,0,56.59,1453,123,6,1,34,10.25,2041,77,30728,543,1404,19.505,4.99,2.385,0,0.9765,0,0,0,2,8,8,0,0,1,1,0
Sat May 08 2021,0,0,67.74,862,111,1,4,25,3.89,2026,138,28113,415,1480,9.595,0,18.48,1.2,0.7525,0,0,0,0,4,4,0,0,8,8,0
Sun May 09 2021,0,0,69.28,1779,146,1,3,33,10.69,1989,159,31455,454,1451,9.28,2.495,0,1,1.064,0,0,0,1,4,4,0,0,0,0,0
Mon May 10 2021,0,0,74.02,919,122,0,6,20,8.83,2049,164,31015,419,1400,2.395,9.98,40.385,0.38,0.77,0,0,0,4,1,1,0,0,17,17,0
Tue May 11 2021,0,0,62.65,1098,98,1,8,16,8.5,1626,78,29009,462,1184,4.705,4.99,4.195,1.1,0.6859999999999999,0,0,0,2,2,2,0,0,2,2,0
Wed May 12 2021,0,0,71.32,1400,113,0,10,19,9.67,1951,102,32095,450,1353,9.135,4.99,14.405,1,0.7315,0,0,0,2,4,4,0,0,6,6,0
Thu May 13 2021,0,0,68.99,786,100,3,1,8,17.32,1876,94,27939,405,1313,6.535,4.99,0,0.01,0.9415,0,0,0,2,3,3,0,0,0,0,0
Fri May 14 2021,0,0,64.75,1097,126,1,1,16,3.04,2586,97,31405,484,1467,7.175,4.99,2.23,0.01,0.826,0,0,0,2,3,3,0,0,1,1,0
Sat May 15 2021,0,0,71.68,1221,137,2,2,45,6.29,2901,99,36200,506,1835,7.27,0,12.18,2,0.9940000000000001,0,0,0,0,3,3,0,0,5,5,0
Sun May 16 2021,0,0,73.27,1626,146,1,1,41,17.77,2142,141,32386,442,1546,9.395,2.495,4.19,1,1.183,0,0,0,1,4,4,0,0,2,2,0
Mon May 17 2021,0,0,83.71,919,136,4,3,27,9.61,2376,198,36497,435,1779,7.01,2.495,7,0,1.0255,0,0,0,1,3,3,0,0,3,3,0
Tue May 18 2021,0,0,60.19,657,91,9,3,14,10.88,1464,85,18778,312,1112,4.54,4.99,0,0,0.462,0,0,0,2,2,2,0,0,0,0,0
Wed May 19 2021,0,0,56.52,1131,110,0,5,24,8.31,1902,87,25150,445,1402,18.865,7.485,2.305,1,0.7909999999999999,0,0,0,3,8,8,0,0,1,1,0
Thu May 20 2021,0,0,66.18,914,106,0,2,19,10.37,1976,153,30246,459,1431,14.76,3.63,4.405,0,0.868,0,0,0,2,6,6,0,0,2,2,0
Fri May 21 2021,0,0,79.12,1547,160,0,7,35,18.6,2704,271,41537,526,1933,9.32,2.495,0,0,1.1795,0,0,0,1,4,4,0,0,0,0,0
Sat May 22 2021,0,0,91.69,1244,142,3,3,37,21.59,2624,261,36124,395,1946,4.755,0,2.095,3,1.155,0,0,0,0,2,2,0,0,1,1,0
Sun May 23 2021,0,0,70.1,1278,129,1,3,17,11.58,2182,203,33296,474,1548,9.29,0,0,0,0.9415,0,0,0,0,4,4,0,0,0,0,0
Mon May 24 2021,0,0,89.75,987,164,1,4,32,17.68,2278,370,36260,404,1699,24.395,4.99,21.345,0,0.917,0,0,0,2,10,10,0,0,9,9,0
Tue May 25 2021,0,0,68.49,1163,119,0,3,15,1.08,1850,102,27806,406,1324,14.575,4.99,0,0.3,0.7490000000000001,0,0,0,2,7,7,0,0,0,0,0
Wed May 26 2021,0,0,74.39,1176,113,3,3,21,4.15,1905,107,29534,398,1356,4.815,0,16.855,9.8,0.8190000000000001,0,0,0,0,2,2,0,0,7,7,0
Thu May 27 2021,0,0,71.32,942,127,6,0,32,13.11,2293,199,32166,451,1612,12.795,2.495,0,0.32,0.8785,0,0,0,1,5,5,0,0,0,0,0
Fri May 28 2021,0,0,72.21,1537,167,0,9,31,16.69,2620,163,40002,554,1817,11.28,4.99,12.12,2.1,1.099,0,0,0,2,4,3,1,0,5,5,0
Sat May 29 2021,0,0,74.88,945,110,0,1,28,9.55,2068,119,29053,389,1510,4.565,0,2.375,2.29,0.721,0,0,0,0,2,2,0,0,1,1,0
Sun May 30 2021,0,0,49.4,1248,106,1,6,16,0.71,1721,75,21243,430,1181,18.595,2.495,0,0.06,0.47950000000000004,0,0,0,1,6,5,1,0,0,0,0
Mon May 31 2021,0,0,37.97,198,37,0,0,5,4.62,630,71,6949,182,482,0,0,0,10,0.252,0,0,0,0,0,0,0,0,0,0,0
Tue Jun 01 2021,0,0,55.17,1038,122,5,3,22,10.43,2104,94,24549,445,1418,19.490000000000002,4.99,11.875,3.35,0.875,0,0,0,2,4,3,0,1,5,5,0
Wed Jun 02 2021,0,0,51.84,1570,112,11,2,15,11.97,2668,79,22759,439,1351,9.73,2.495,2.31,0.07,0.8434999999999999,0,0,0,1,4,4,0,0,1,1,0
Thu Jun 03 2021,0,0,77.58,1617,184,1,3,30,27.66,2991,301,33982,437,1650,18.73,9.98,14.235,14.05,1.0325,0,0,0,4,8,8,0,0,6,6,0
Fri Jun 04 2021,0,0,73.64,1328,124,6,1,25,17.38,2276,169,35052,477,1589,4.78,4.99,0,1.02,0.7490000000000001,0,0,0,2,2,2,0,0,0,0,0
Sat Jun 05 2021,0,0,59.33,942,101,14,11,24,8.45,2496,103,23730,399,1423,9.87,2.495,2.25,0.14,0.6965,0,0,0,1,4,4,0,0,1,1,0
Sun Jun 06 2021,0,0,33.68,423,57,2,0,9,0.6,955,53,7444,221,698,5.39,4.99,0,15.01,0.24850000000000003,0,0,0,2,3,3,0,0,0,0,0
Mon Jun 07 2021,0,0,67.79,951,106,0,2,18,8.64,2499,93,26100,385,1303,19.385,0,0,0.01,0.7245,0,0,0,0,8,8,0,0,0,0,0
Tue Jun 08 2021,0,0,60.33,751,78,1,2,16,15.41,1571,96,14902,247,849,4.755,4.99,16.685,2.48,0.434,0,0,0,2,2,2,0,0,7,7,0
Wed Jun 09 2021,0,0,0,0,0,0,0,1,0,3,0,0,0,3,6.745,0,0,0,0.0175,0,0,0,0,3,3,0,0,0,0,0
Thu Jun 10 2021,0,0,63.35,933,126,0,3,13,11.79,1796,123,26102,412,1278,7.06,4.99,0,51.03,0.8855,0,0,0,2,3,3,0,0,0,0,0
Fri Jun 11 2021,0,0,47.3,1531,116,4,2,13,2.92,1489,71,20908,441,1055,7.075,2.495,9.39,10.09,0.7140000000000001,0,0,0,1,3,3,0,0,4,4,0
Sat Jun 12 2021,0,0,63.65,950,107,0,1,20,15.28,1887,164,28070,441,1308,9.14,2.495,2.315,0.1,0.8855,0,0,0,1,4,4,0,0,1,1,0
Sun Jun 13 2021,0,0,61.45,647,98,5,4,18,14.91,1885,157,25870,421,1353,4.6,2.495,2.235,0.03,0.8575,0,0,0,1,2,2,0,0,1,1,0
Mon Jun 14 2021,0,0,62.52,1020,109,3,2,15,5.41,1843,91,24883,399,1352,4.525,2.495,0,0.11,0.8190000000000001,0,0,0,1,2,2,0,0,0,0,0
Tue Jun 15 2021,0,0,50.8,918,95,0,3,11,6.61,1469,108,18187,358,1030,9.395,2.495,2.24,1,0.7559999999999999,0,0,0,1,4,4,0,0,1,1,0
Wed Jun 16 2021,0,0,51.42,637,74,1,4,15,11.91,1387,75,20104,390,1034,7.295,7.485,0,5,0.6895,0,0,0,3,3,3,0,0,0,0,0
Thu Jun 17 2021,0,0,0,1,1,3,0,1,0,3,0,0,0,2,4.795,0,0,0,0.006999999999999999,0,0,0,0,2,2,0,0,0,0,0
Fri Jun 18 2021,0,0,0,0,0,0,0,0,0,2,0,0,0,2,0.305,0,0,1,0.0665,0,0,0,0,1,1,0,0,0,0,0
Sat Jun 19 2021,0,0,0,0,0,2,0,1,0,2,0,0,0,2,9.44,0,0,0,0.0805,0,0,0,0,4,4,0,0,0,0,0
Sun Jun 20 2021,0,0,55.47,604,93,0,16,19,1.88,1624,84,22186,401,1178,14.68,2.495,4.62,0,0.777,0,0,0,1,6,6,0,0,2,2,0
Mon Jun 21 2021,0,0,57.8,1111,112,1,7,18,16.69,1596,126,22138,383,1194,4.775,4.99,0,1,0.903,0,0,0,2,2,2,0,0,0,0,0
Tue Jun 22 2021,0,0,47.37,539,79,0,4,10,4.95,1301,66,17479,368,931,9.67,2.495,0,0.15,0.679,0,0,0,1,4,4,0,0,0,0,0
Wed Jun 23 2021,0,0,45.92,649,64,0,0,9,8.44,1314,64,15796,343,840,11.585,2.495,0,0,0.5635,0,0,0,1,5,5,0,0,0,0,0
Thu Jun 24 2021,0,0,66.99,503,82,0,3,17,30.6,2009,345,20768,310,1192,21.85,2.495,0,1,0.6125,0,0,0,1,9,9,0,0,0,0,0
Fri Jun 25 2021,0,0,49,726,93,0,1,25,11.91,1855,93,26460,536,1339,4.85,0,0,51,1.064,0,0,0,0,3,3,0,0,0,0,0
Sat Jun 26 2021,0,0,41.2,464,70,7,1,16,0.21,1632,55,17715,429,1084,6.98,2.495,28.145,1,0.805,0,0,0,1,3,3,0,0,12,12,0
Sun Jun 27 2021,0,0,42.36,749,103,3,5,4,3.54,1468,83,10591,249,780,14.31,4.99,26.45,13,0.5635,0,0,0,2,6,6,0,0,11,11,0
Mon Jun 28 2021,0,0,53.24,768,114,1,2,10,3.03,2392,89,23745,446,1179,11.64,2.495,2.205,0,0.945,0,0,0,1,4,3,1,0,1,1,0
Tue Jun 29 2021,0,0,49.18,565,73,1,3,6,7.45,1277,71,17950,365,914,4.695,2.495,2.2,0,0.735,0,0,0,1,2,2,0,0,1,1,0
Wed Jun 30 2021,0,0,44.15,485,71,0,2,14,7.44,1113,63,14085,319,851,10.285,0,0,1,0.6965,0,0,0,0,4,4,0,0,0,0,0
Thu Jul 01 2021,0,0,45.22,532,64,3,2,9,8.81,995,63,14200,315,753,29.375,2.495,0,0,0.46549999999999997,0,0,0,1,7,5,1,1,0,0,0
Fri Jul 02 2021,0,0,46.17,1024,87,5,5,16,17.85,1580,178,21609,468,1190,9.655,4.99,0,0.1,0.8190000000000001,0,0,0,2,4,4,0,0,0,0,0
Sat Jul 03 2021,0,0,58.88,671,85,0,3,11,22.29,1468,256,23374,398,1118,14.325,2.495,24.43,1,0.7490000000000001,0,0,0,1,6,6,0,0,10,10,0
Sun Jul 04 2021,0,0,41.31,856,87,2,1,6,6.94,2035,67,18259,442,1197,4.78,4.99,0,5,0.7175,0,0,0,2,2,2,0,0,0,0,0
Mon Jul 05 2021,0,0,48.03,438,79,3,1,14,2.51,1324,80,19740,412,1013,9.705,3.635,6.935,0,0.539,0,0,0,2,4,4,0,0,3,3,0
Tue Jul 06 2021,0,0,50.57,670,84,3,1,10,12.09,1969,81,22654,448,1155,5.02,7.485,2.1,4,0.882,0,0,0,3,2,2,0,0,1,1,0
Wed Jul 07 2021,0,0,56.13,1168,99,1,6,27,7.84,1525,137,21722,386,957,18.475,2.495,2.185,0,0.56,0,0,0,1,8,8,0,0,1,1,0
Thu Jul 08 2021,0,0,0,0,0,1,0,1,0,0,0,0,0,0,2.38,2.495,2.245,0,0,0,0,0,1,1,1,0,0,1,1,0
Fri Jul 09 2021,0,0,44.23,1029,93,0,3,12,2.41,1659,75,19640,444,1082,6.615,9.98,6.815,3.69,0.7140000000000001,0,0,0,4,3,3,0,0,3,3,0
Sat Jul 10 2021,0,0,60.89,609,103,1,1,21,19.17,1986,194,25332,416,1484,7.06,2.96,11.395,1,0.777,0,0,0,2,3,3,0,0,5,5,0
Sun Jul 11 2021,0,0,54.87,711,80,3,2,12,10.1,2066,143,22880,417,1253,4.785,0,0,0,0.903,0,0,0,0,2,2,0,0,0,0,0
Mon Jul 12 2021,0,0,52.32,406,72,24,2,18,21.48,1820,236,18104,346,1088,9.035,4.99,2.195,0,0.6825,0,0,0,2,4,4,0,0,1,1,0
Tue Jul 13 2021,0,0,49.11,530,71,4,0,13,8.23,1497,78,21168,430,1133,4.54,0,0,5,0.6895,0,0,0,0,2,2,0,0,0,0,0
Wed Jul 14 2021,0,0,53.02,298,47,0,0,11,1.85,668,74,8907,168,530,4.45,2.495,0,2,0,0,0,0,1,2,2,0,0,0,0,0